timestamp,label,pid,comm,rss_kb,pcpu
2026-09-04T18:50:30Z,idle,1116,waybar,81476,6.3
2026-09-04T18:50:30Z,idle,89043,python3,17860,0.5
2026-09-04T18:50:30Z,idle,89135,python3,17884,0.5
2026-09-04T18:50:30Z,idle,89145,niri,15928,0.0
2026-09-04T18:50:30Z,idle,89350,niri,15956,0.0
2026-09-04T18:50:31Z,idle,1116,waybar,81476,6.3
2026-09-04T18:50:31Z,idle,89043,python3,17860,0.4
2026-09-04T18:50:31Z,idle,89135,python3,17884,0.5
2026-09-04T18:50:31Z,idle,89145,niri,15928,0.0
2026-09-04T18:50:31Z,idle,89350,niri,15956,0.0
2026-09-04T18:50:32Z,idle,1116,waybar,81476,6.3
2026-09-04T18:50:32Z,idle,89043,python3,17860,0.4
2026-09-04T18:50:32Z,idle,89135,python3,17884,0.4
2026-09-04T18:50:32Z,idle,89145,niri,15928,0.0
2026-09-04T18:50:32Z,idle,89350,niri,15956,0.0
2026-09-04T18:50:33Z,idle,1116,waybar,81476,6.3
2026-09-04T18:50:33Z,idle,89043,python3,17860,0.4
2026-09-04T18:50:33Z,idle,89135,python3,17884,0.4
2026-09-04T18:50:33Z,idle,89145,niri,15928,0.0
2026-09-04T18:50:33Z,idle,89350,niri,15956,0.0
2026-09-04T18:50:34Z,idle,1116,waybar,81476,6.3
2026-09-04T18:50:34Z,idle,89043,python3,17860,0.4
2026-09-04T18:50:34Z,idle,89135,python3,17884,0.4
2026-09-04T18:50:34Z,idle,89145,niri,15928,0.0
2026-09-04T18:50:34Z,idle,89350,niri,15956,0.0
2026-09-04T18:50:35Z,idle,1116,waybar,80648,6.3
2026-09-04T18:50:37Z,idle,1116,waybar,81472,6.3
2026-09-04T18:50:37Z,idle,90451,python3,17764,5.2
2026-09-04T18:50:37Z,idle,90559,python3,17780,4.8
2026-09-04T18:50:37Z,idle,90668,niri,15932,0.0
2026-09-04T18:50:37Z,idle,90749,niri,15764,0.0
2026-09-04T18:50:38Z,idle,1116,waybar,81472,6.3
2026-09-04T18:50:38Z,idle,90451,python3,17764,2.5
2026-09-04T18:50:38Z,idle,90559,python3,17780,2.1
2026-09-04T18:50:38Z,idle,90668,niri,15932,0.0
2026-09-04T18:50:38Z,idle,90749,niri,15764,0.0
2026-09-04T18:50:39Z,idle,1116,waybar,81472,6.3
2026-09-04T18:50:39Z,idle,90451,python3,17764,1.6
2026-09-04T18:50:39Z,idle,90559,python3,17780,1.3
2026-09-04T18:50:39Z,idle,90668,niri,15932,0.0
2026-09-04T18:50:39Z,idle,90749,niri,15764,0.0
2026-09-04T18:50:40Z,idle,1116,waybar,81472,6.3
2026-09-04T18:50:40Z,idle,90451,python3,17764,1.2
2026-09-04T18:50:40Z,idle,90559,python3,17780,1.0
2026-09-04T18:50:40Z,idle,90668,niri,15932,0.0
2026-09-04T18:50:40Z,idle,90749,niri,15764,0.0
2026-09-04T18:50:41Z,idle,1116,waybar,81472,6.3
2026-09-04T18:50:41Z,idle,90451,python3,17764,0.9
2026-09-04T18:50:41Z,idle,90559,python3,17780,0.8
2026-09-04T18:50:41Z,idle,90668,niri,15932,0.0
2026-09-04T18:50:41Z,idle,90749,niri,15764,0.0
2026-09-04T18:50:42Z,idle,1116,waybar,81488,6.3
2026-09-04T18:50:42Z,idle,90451,python3,17764,0.8
2026-09-04T18:50:42Z,idle,90559,python3,17780,0.6
2026-09-04T18:50:42Z,idle,90668,niri,15932,0.0
2026-09-04T18:50:42Z,idle,90749,niri,15764,0.0
2026-09-04T18:50:43Z,idle,1116,waybar,81488,6.3
2026-09-04T18:50:43Z,idle,90451,python3,17764,0.7
2026-09-04T18:50:43Z,idle,90559,python3,17780,0.5
2026-09-04T18:50:43Z,idle,90668,niri,15932,0.0
2026-09-04T18:50:43Z,idle,90749,niri,15764,0.0
2026-09-04T18:50:44Z,idle,1116,waybar,81488,6.3
2026-09-04T18:50:44Z,idle,90451,python3,17764,0.6
2026-09-04T18:50:44Z,idle,90559,python3,17780,0.5
2026-09-04T18:50:44Z,idle,90668,niri,15932,0.0
2026-09-04T18:50:44Z,idle,90749,niri,15764,0.0
2026-09-04T18:50:45Z,idle,1116,waybar,81488,6.3
2026-09-04T18:50:45Z,idle,90451,python3,17764,0.5
2026-09-04T18:50:45Z,idle,90559,python3,17780,0.4
2026-09-04T18:50:45Z,idle,90668,niri,15932,0.0
2026-09-04T18:50:45Z,idle,90749,niri,15764,0.0
2026-09-04T18:50:46Z,idle,1116,waybar,81488,6.3
2026-09-04T18:50:46Z,idle,90451,python3,17764,0.4
2026-09-04T18:50:46Z,idle,90559,python3,17780,0.4
2026-09-04T18:50:46Z,idle,90668,niri,15932,0.0
2026-09-04T18:50:46Z,idle,90749,niri,15764,0.0
2026-09-04T18:50:47Z,idle,1116,waybar,81488,6.2
2026-09-04T18:50:47Z,idle,90451,python3,17764,0.4
2026-09-04T18:50:47Z,idle,90559,python3,17780,0.3
2026-09-04T18:50:47Z,idle,90668,niri,15932,0.0
2026-09-04T18:50:47Z,idle,90749,niri,15764,0.0
2026-09-04T18:50:48Z,idle,1116,waybar,81488,6.2
2026-09-04T18:50:48Z,idle,90451,python3,17764,0.4
2026-09-04T18:50:48Z,idle,90559,python3,17780,0.3
2026-09-04T18:50:48Z,idle,90668,niri,15932,0.0
2026-09-04T18:50:48Z,idle,90749,niri,15764,0.0
2026-09-04T18:50:49Z,idle,1116,waybar,81488,6.2
2026-09-04T18:50:49Z,idle,90451,python3,17764,0.3
2026-09-04T18:50:49Z,idle,90559,python3,17792,0.3
2026-09-04T18:50:49Z,idle,90668,niri,15932,0.0
2026-09-04T18:50:49Z,idle,90749,niri,15764,0.0
2026-09-04T18:50:50Z,churn,1116,waybar,81488,6.2
2026-09-04T18:50:50Z,churn,90451,python3,17764,0.3
2026-09-04T18:50:50Z,churn,90559,python3,17792,0.2
2026-09-04T18:50:50Z,churn,90668,niri,15932,0.0
2026-09-04T18:50:50Z,churn,90749,niri,15764,0.0
2026-09-04T18:50:51Z,churn,1116,waybar,81488,6.2
2026-09-04T18:50:51Z,churn,90451,python3,17768,0.3
2026-09-04T18:50:51Z,churn,90559,python3,17796,0.3
2026-09-04T18:50:51Z,churn,90668,niri,15932,0.0
2026-09-04T18:50:51Z,churn,90749,niri,15764,0.0
2026-09-04T18:50:52Z,churn,1116,waybar,81488,6.2
2026-09-04T18:50:52Z,churn,90451,python3,17768,0.3
2026-09-04T18:50:52Z,churn,90559,python3,17796,0.3
2026-09-04T18:50:52Z,churn,90668,niri,15932,0.0
2026-09-04T18:50:52Z,churn,90749,niri,15764,0.0
2026-09-04T18:50:53Z,churn,1116,waybar,81488,6.2
2026-09-04T18:50:53Z,churn,90451,python3,17768,0.3
2026-09-04T18:50:53Z,churn,90559,python3,17796,0.3
2026-09-04T18:50:53Z,churn,90668,niri,15932,0.0
2026-09-04T18:50:53Z,churn,90749,niri,15764,0.0
2026-09-04T18:50:54Z,churn,1116,waybar,81488,6.2
2026-09-04T18:50:54Z,churn,90451,python3,17768,0.3
2026-09-04T18:50:54Z,churn,90559,python3,17796,0.3
2026-09-04T18:50:54Z,churn,90668,niri,15932,0.0
2026-09-04T18:50:54Z,churn,90749,niri,15764,0.0
2026-09-04T18:50:55Z,churn,1116,waybar,81488,6.2
2026-09-04T18:50:55Z,churn,90451,python3,17768,0.3
2026-09-04T18:50:55Z,churn,90559,python3,17796,0.3
2026-09-04T18:50:55Z,churn,90668,niri,15932,0.0
2026-09-04T18:50:55Z,churn,90749,niri,15764,0.0
2026-09-04T18:50:56Z,churn,1116,waybar,81488,6.2
2026-09-04T18:50:56Z,churn,90451,python3,17768,0.3
2026-09-04T18:50:56Z,churn,90559,python3,17796,0.3
2026-09-04T18:50:56Z,churn,90668,niri,15932,0.0
2026-09-04T18:50:56Z,churn,90749,niri,15764,0.0
2026-09-04T18:50:57Z,churn,1116,waybar,81488,6.2
2026-09-04T18:50:57Z,churn,90451,python3,17768,0.3
2026-09-04T18:50:57Z,churn,90559,python3,17796,0.3
2026-09-04T18:50:57Z,churn,90668,niri,15932,0.0
2026-09-04T18:50:57Z,churn,90749,niri,15764,0.0
2026-09-04T18:50:58Z,churn,1116,waybar,81488,6.2
2026-09-04T18:50:58Z,churn,90451,python3,17768,0.3
2026-09-04T18:50:58Z,churn,90559,python3,17796,0.3
2026-09-04T18:50:58Z,churn,90668,niri,15932,0.0
2026-09-04T18:50:58Z,churn,90749,niri,15764,0.0
2026-09-04T18:50:59Z,churn,1116,waybar,81488,6.2
2026-09-04T18:50:59Z,churn,90451,python3,17768,0.3
2026-09-04T18:50:59Z,churn,90559,python3,17796,0.3
2026-09-04T18:50:59Z,churn,90668,niri,15932,0.0
2026-09-04T18:50:59Z,churn,90749,niri,15764,0.0
2026-09-04T18:51:00Z,churn,1116,waybar,81488,6.2
2026-09-04T18:51:00Z,churn,90451,python3,17768,0.3
2026-09-04T18:51:00Z,churn,90559,python3,17796,0.3
2026-09-04T18:51:00Z,churn,90668,niri,15932,0.0
2026-09-04T18:51:00Z,churn,90749,niri,15764,0.0
2026-09-04T18:51:01Z,churn,1116,waybar,81488,6.2
2026-09-04T18:51:01Z,churn,90451,python3,17768,0.3
2026-09-04T18:51:01Z,churn,90559,python3,17796,0.3
2026-09-04T18:51:01Z,churn,90668,niri,15932,0.0
2026-09-04T18:51:01Z,churn,90749,niri,15764,0.0
2026-09-04T18:51:02Z,churn,1116,waybar,81488,6.2
2026-09-04T18:51:02Z,churn,90451,python3,17784,0.3
2026-09-04T18:51:02Z,churn,90559,python3,17860,0.3
2026-09-04T18:51:02Z,churn,90668,niri,15932,0.0
2026-09-04T18:51:02Z,churn,90749,niri,15764,0.0
2026-09-04T18:51:03Z,churn,1116,waybar,81488,6.2
2026-09-04T18:51:03Z,churn,90451,python3,17896,0.4
2026-09-04T18:51:03Z,churn,90559,python3,17912,0.4
2026-09-04T18:51:03Z,churn,90668,niri,15932,0.0
2026-09-04T18:51:03Z,churn,90749,niri,15764,0.0
2026-09-04T18:51:04Z,churn,1116,waybar,81488,6.3
2026-09-04T18:51:04Z,churn,90451,python3,17916,0.4
2026-09-04T18:51:04Z,churn,90559,python3,17932,0.4
2026-09-04T18:51:04Z,churn,90668,niri,15932,0.0
2026-09-04T18:51:04Z,churn,90749,niri,15764,0.0
2026-09-04T18:51:05Z,churn,1116,waybar,81488,6.3
2026-09-04T18:51:05Z,churn,90451,python3,17932,0.4
2026-09-04T18:51:05Z,churn,90559,python3,17932,0.4
2026-09-04T18:51:05Z,churn,90668,niri,15932,0.0
2026-09-04T18:51:05Z,churn,90749,niri,15764,0.0
2026-09-04T18:51:06Z,churn,1116,waybar,81488,6.3
2026-09-04T18:51:06Z,churn,90451,python3,17940,0.4
2026-09-04T18:51:06Z,churn,90559,python3,17948,0.4
2026-09-04T18:51:06Z,churn,90668,niri,15932,0.0
2026-09-04T18:51:06Z,churn,90749,niri,15764,0.0
2026-09-04T18:51:07Z,churn,1116,waybar,81488,6.3
2026-09-04T18:51:07Z,churn,90451,python3,17944,0.4
2026-09-04T18:51:07Z,churn,90559,python3,17952,0.4
2026-09-04T18:51:07Z,churn,90668,niri,15932,0.0
2026-09-04T18:51:07Z,churn,90749,niri,15764,0.0
2026-09-04T18:51:08Z,churn,1116,waybar,81488,6.4
2026-09-04T18:51:08Z,churn,90451,python3,17964,0.5
2026-09-04T18:51:08Z,churn,90559,python3,17956,0.4
2026-09-04T18:51:08Z,churn,90668,niri,15932,0.0
2026-09-04T18:51:08Z,churn,90749,niri,15764,0.0
2026-09-04T18:51:09Z,churn,1116,waybar,81488,6.4
2026-09-04T18:51:09Z,churn,90451,python3,17964,0.5
2026-09-04T18:51:09Z,churn,90559,python3,17956,0.5
2026-09-04T18:51:09Z,churn,90668,niri,15932,0.0
2026-09-04T18:51:09Z,churn,90749,niri,15764,0.0
